,audio_file,dataset,duration,dynamic,instrument,note_number,partition,source_index,start_time
uiowadf14e0eee33b40,Trumpet.vib.ff.C5B5_0.flac,uiowa,8.8816326531,ff,trumpet,,,uiowadf14e0ee,2.6819047619
uiowa2c389952fb081d,Trumpet.vib.pp.C6D6_1.flac,uiowa,9.845260771,pp,trumpet,,,uiowa2c389952,12.7187301587
uiowa2869408c5a7692,Trumpet.vib.ff.E3B3_1.flac,uiowa,8.5449433107,ff,trumpet,,,uiowa2869408c,11.6970521542
uiowa16f4847a384079,Trumpet.vib.ff.C4B4_0.flac,uiowa,8.83519274374,ff,trumpet,,,uiowa16f4847a,2.87346938776
uiowa777493e8b72025,Trumpet.vib.pp.C4B4_6.flac,uiowa,8.7829478458,pp,trumpet,,,uiowa777493e8,56.9353287982
uiowa16f4847aeeec3d,Trumpet.vib.ff.C4B4_1.flac,uiowa,9.8336507937,ff,trumpet,,,uiowa16f4847a,11.7086621315
uiowab781535745a706,Trumpet.novib.ff.E3B3_0.flac,uiowa,9.06739229021,ff,trumpet,,,uiowab7815357,3.63392290249
uiowab78153570174de,Trumpet.novib.ff.E3B3_6.flac,uiowa,9.3286167801,ff,trumpet,,,uiowab7815357,57.8060770975
uiowadf14e0eed212d6,Trumpet.vib.ff.C5B5_9.flac,uiowa,9.5666213152,ff,trumpet,,,uiowadf14e0ee,86.5988208617
uiowa16f4847a7a9c0a,Trumpet.vib.ff.C4B4_7.flac,uiowa,9.1718820862,ff,trumpet,,,uiowa16f4847a,67.6165079365
uiowa12f1ddeacc234f,Horn.mf.C4B4_10.flac,uiowa,2.8334430546,mf,horn-french,,,uiowa12f1ddea,27.6850998464
uiowa6565f7e54f9d89,Horn.pp.C4B4_6.flac,uiowa,2.3452154195,pp,horn-french,,,uiowa6565f7e5,18.1696145125
uiowae22d21760b9303,Horn.ff.C4B4_5.flac,uiowa,2.8149001536,ff,horn-french,,,uiowae22d2176,12.9753492795
uiowae22d21763f2ebb,Horn.ff.C4B4_0.flac,uiowa,2.43958013313,ff,horn-french,,,uiowae22d2176,0.0268085728915
uiowa7ab53ae0cbf010,Horn.ff.C2B2_11.flac,uiowa,2.7862027472,ff,horn-french,,,uiowa7ab53ae0,31.3442282528
uiowa16766604b7889a,Horn.ff.C5F5_4.flac,uiowa,2.36411625586,ff,horn-french,,,uiowa16766604,9.55760368664
uiowa12f1ddead6e202,Horn.mf.C4B4_4.flac,uiowa,3.0695633092,mf,horn-french,,,uiowa12f1ddea,11.6879526004
uiowae22d2176c069c4,Horn.ff.C4B4_10.flac,uiowa,2.3323458416,ff,horn-french,,,uiowae22d2176,25.3072928096
uiowa7ab53ae003dbf3,Horn.ff.C2B2_0.flac,uiowa,2.64924113492,ff,horn-french,,,uiowa7ab53ae0,0.133514739229
uiowa12f1ddea932f6b,Horn.mf.C4B4_1.flac,uiowa,3.09907834101,mf,horn-french,,,uiowa12f1ddea,2.56780776827
uiowacb0ff192d1a3b7,TenorTrombone.mf.C3B3_2.flac,uiowa,4.1795918367,mf,trombone,,,uiowacb0ff192,10.7508390023
uiowadb977551767629,TenorTrombone.pp. E2B2_2.flac,uiowa,4.32154845214,pp,trombone,,,uiowadb977551,8.88656442266
uiowac610fc33c7a0b0,TenorTrombone.pp.C4B4_8.flac,uiowa,4.3073015873,pp,trombone,,,uiowac610fc33,36.9545578231
uiowadb9775510caa09,TenorTrombone.pp. E2B2_6.flac,uiowa,4.6867497297,pp,trombone,,,uiowadb977551,26.4162257496
uiowac610fc33af6352,TenorTrombone.pp.C4B4_6.flac,uiowa,4.3885714286,pp,trombone,,,uiowac610fc33,28.2064399093
uiowa89df18d39edcf5,TenorTrombone.pp.C3B3_8.flac,uiowa,4.6766878795,pp,trombone,,,uiowa89df18d3,39.5439941807
uiowac610fc33b30e60,TenorTrombone.pp.C4B4_1.flac,uiowa,4.34569526731,pp,trombone,,,uiowac610fc33,6.42197189509
uiowa89df18d39632a4,TenorTrombone.pp.C3B3_9.flac,uiowa,4.7286510781,pp,trombone,,,uiowa89df18d3,44.2206820602
uiowac610fc3384ef07,TenorTrombone.pp.C4B4_11.flac,uiowa,3.926439585,pp,trombone,,,uiowac610fc33,49.963537415
uiowacb0ff19216744a,TenorTrombone.mf.C3B3_5.flac,uiowa,4.3014965986,mf,trombone,,,uiowacb0ff192,23.4579591837
uiowa4834633527ab46,Tuba.pp.C1B1_8.flac,uiowa,3.3334471183,pp,tuba,,,uiowa48346335,23.3936556702
uiowa05889ccd43cef9,Tuba.pp.C3C4_2.flac,uiowa,2.07927974057,pp,tuba,,,uiowa05889ccd,5.15769390193
uiowa483463356eba38,Tuba.pp.C1B1_0.flac,uiowa,3.00605499069,pp,tuba,,,uiowa48346335,0.1488146035
uiowa095def2777d6c7,Tuba.pp.C2B2_4.flac,uiowa,2.5773047571,pp,tuba,,,uiowa095def27,11.8172164923
uiowac79761fbf5b0c9,Tuba.ff.C2B2_7.flac,uiowa,2.5541950114,ff,tuba,,,uiowac79761fb,17.5020408163
uiowa78fae0a03aabcc,Tuba.ff.C3C4_10.flac,uiowa,2.6180498866,ff,tuba,,,uiowa78fae0a0,24.8163265306
uiowa8e7a5d6928af8b,Tuba.mf.C1B1_9.flac,uiowa,2.4663480685,mf,tuba,,,uiowa8e7a5d69,21.6434626419
uiowac79761fb69ed52,Tuba.ff.C2B2_6.flac,uiowa,2.3452154195,ff,tuba,,,uiowac79761fb,15.1568253968
uiowa05889ccdb08efb,Tuba.pp.C3C4_8.flac,uiowa,2.4843342355,pp,tuba,,,uiowa05889ccd,18.7675249311
uiowa095def27265c56,Tuba.pp.C2B2_9.flac,uiowa,2.5498866214,pp,tuba,,,uiowa095def27,24.0182868846
uiowa7000c2e241e8ab,Guitar.pp.sulG.C4B4.mono_10.flac,uiowa,5.074305708,pp,guitar,,,uiowa7000c2e2,65.2894001089
uiowa9ddf20e60a8ba1,Guitar.pp.sulD.D3B3.mono_9.flac,uiowa,7.7473622955,pp,guitar,,,uiowa9ddf20e6,81.3450857045
uiowa180212e9a6416a,Guitar.pp.sul_E.C5B5.mono_8.flac,uiowa,4.6816984858,pp,guitar,,,uiowa180212e9,46.2389973911
uiowa7000c2e2bc59c4,Guitar.pp.sulG.C4B4.mono_11.flac,uiowa,5.1426791831,pp,guitar,,,uiowa7000c2e2,70.3637058169
uiowa82fbe5df6ea394,Guitar.ff.sulD.D3B3.mono_4.flac,uiowa,7.5116553288,ff,guitar,,,uiowa82fbe5df,60.3312471655
uiowa6006593b5f160e,Guitar.pp.sulE.E2B2.mono_2.flac,uiowa,11.0577901316,pp,guitar,,,uiowa6006593b,23.6618470566
uiowa82fbe5dfe99fd4,Guitar.ff.sulD.D3B3.mono_0.flac,uiowa,19.9575510204,ff,guitar,,,uiowa82fbe5df,0.087074829932
uiowa78efd385e6ee91,Guitar.mf.sulE.C3B3.mono_6.flac,uiowa,8.9977324263,mf,guitar,,,uiowa78efd385,65.3757823129
uiowa82fbe5dfb3ea93,Guitar.ff.sulD.D3B3.mono_3.flac,uiowa,11.0585034013,ff,guitar,,,uiowa82fbe5df,49.2727437642
uiowa8b0d8bd9b370e4,Guitar.ff.sulE.C3B3.mono_0.flac,uiowa,8.6610430839,ff,guitar,,,uiowa8b0d8bd9,0.0928798185941
uiowa69650e3778ea7d,Cello.arco.pp.sulG.B2A3_4.flac,uiowa,7.4826303855,pp,cello,,,uiowa69650e37,31.2656689342
uiowa9be284b6f7b2ce,Cello.pizz.pp.sulD.Bb4D5_2.flac,uiowa,3.79065759634,p,cello,,,uiowa9be284b6,9.95555555556
uiowa87148a4ca0c6ac,Cello.arco.mf.sulG.B2A3_1.flac,uiowa,6.820861678,mf,cello,,,uiowa87148a4c,11.4532426304
uiowa8d997d90284372,Cello.arco.ff.sulG.B2Bb3_2.flac,uiowa,7.3723356009,ff,cello,,,uiowa8d997d90,17.972244898
uiowa24a0697e94857f,Cello.arco.ff.sulC.C2A2_1.flac,uiowa,8.9106575964,ff,cello,,,uiowa24a0697e,12.0975963719
uiowacb7cae3b697734,Cello.arco.ff.sulD.D3B3_9.flac,uiowa,5.3890933923,ff,cello,,,uiowacb7cae3b,83.1448526077
uiowa3763e84a252f17,Cello.pizz.mf.sulC.C3Bb3_7.flac,uiowa,5.7759637188,p,cello,,,uiowa3763e84a,45.4414512472
uiowa297166832df02a,Cello.pizz.pp.sulG.B2C4_9.flac,uiowa,5.4192894935,p,cello,,,uiowa29716683,56.1368102797
uiowa69650e37dd6899,Cello.arco.pp.sulG.B2A3_10.flac,uiowa,7.0704761905,pp,cello,,,uiowa69650e37,73.6885260771
uiowa7cd69dbd5b2315,Cello.pizz.ff.sulG.B2Ab3_1.flac,uiowa,12.8,p,cello,,,uiowa7cd69dbd,12.0975963719
uiowa1202ef1910b63c,Bass.arco.ff.sulG.G2B2_2.flac,uiowa,6.6989569161,ff,double-bass,,,uiowa1202ef19,13.4443537415
uiowa85a7557bf2b167,Bass.pizz.pp.sulD.C3B3_1.flac,uiowa,4.43501133782,p,double-bass,,,uiowa85a7557b,5.65986394558
uiowa00c15ecf288146,Bass.arco.ff.sulG.C4G4_3.flac,uiowa,5.4392743765,ff,double-bass,,,uiowa00c15ecf,19.3248072562
uiowaa5dba4f682cb8c,Bass.arco.pp.sulG.C4G4_6.flac,uiowa,5.4211103796,pp,double-bass,,,uiowaa5dba4f6,36.9736668861
uiowa89077cce561540,Bass.pizz.pp.sulA.C2B2_0.flac,uiowa,4.03358544852,p,double-bass,,,uiowa89077cce,1.87589300953
uiowa5da7ada8e0b53c,Bass.arco.mf.sulA.C2B2_11.flac,uiowa,3.4723581633,mf,double-bass,,,uiowa5da7ada8,65.6195918367
uiowa383240d9c3eb9f,Bass.arco.ff.sulE.E1B1_0.flac,uiowa,4.73106575964,ff,double-bass,,,uiowa383240d9,1.74149659864
uiowa50832cee78297d,Bass.arco.mf.sulD.C3B3_11.flac,uiowa,3.8586733629,mf,double-bass,,,uiowa50832cee,60.3452726371
uiowaa5dba4f69c298f,Bass.arco.pp.sulG.C4G4_1.flac,uiowa,6.5222734255,pp,double-bass,,,uiowaa5dba4f6,6.5222734255
uiowa1d7c701e96493b,Bass.pizz.ff.sulG.C3B3_7.flac,uiowa,4.9574603174,p,double-bass,,,uiowa1d7c701e,40.7219954649
uiowaa53d462dcc406f,Violin.pizz.mf.sulG.G3B3_4.flac,uiowa,3.1577095351,p,violin,,,uiowaa53d462d,22.8019954649
uiowa90d6ff9203ccd2,Violin.pizz.pp.sulD.C5Db6_6.flac,uiowa,3.1409065418,p,violin,,,uiowa90d6ff92,21.5531173043
uiowa930ac5b2aeac8c,Violin.pizz.pp.sulG.Bb4Gb5_8.flac,uiowa,2.9738940348,p,violin,,,uiowa930ac5b2,43.0619559652
uiowa2340542eab3cdb,Violin.pizz.ff.sulA.A4B4_1.flac,uiowa,4.54530612246,p,violin,,,uiowa2340542e,6.98340136054
uiowa622e9158e667e0,Violin.arco.mf.sulE.C6Gb7_1.flac,uiowa,9.6014512472,mf,violin,,,uiowa622e9158,12.5794104308
uiowad3203eeff6d803,Violin.pizz.pp.sulE.C7G7_6.flac,uiowa,3.9508204715,p,violin,,,uiowad3203eef,25.4799291282
uiowad3203eeffc584b,Violin.pizz.pp.sulE.C7G7_3.flac,uiowa,3.7504165346,p,violin,,,uiowad3203eef,14.2000503905
uiowaccf3de40af88ab,Violin.arco.mf.sulG.G3B3_1.flac,uiowa,9.6769160997,mf,violin,,,uiowaccf3de40,11.7957369615
uiowaafa00a3b9e339d,Violin.arco.pp.sulE.E5A5_0.flac,uiowa,11.164069929,pp,violin,,,uiowaafa00a3b,2.40337616528
uiowacad51e1eb13dff,Violin.arco.ff.sulE.E5B5_5.flac,uiowa,9.1892970522,ff,violin,,,uiowacad51e1e,50.0157823129
uiowa5861a9ca557e5c,Bassoon.mf.C4B4_7.flac,uiowa,2.3911361438,mf,bassoon,,,uiowa5861a9ca,17.2109249913
uiowa5861a9caf0b19f,Bassoon.mf.C4B4_1.flac,uiowa,2.52251725062,mf,bassoon,,,uiowa5861a9ca,2.46996480791
uiowaa46dcbbcb96738,Bassoon.pp.Bb1B1_1.flac,uiowa,1.88662102494,pp,bassoon,,,uiowaa46dcbbc,2.06077097506
uiowa45a188c599663f,Bassoon.mf.C3B3_1.flac,uiowa,2.12639894667,mf,bassoon,,,uiowa45a188c5,2.12639894668
uiowa11dc1a9f4e2987,Bassoon.ff.C3Bb3_7.flac,uiowa,2.0310633214,ff,bassoon,,,uiowa11dc1a9f,15.0049984151
uiowac858304dd94ee0,Bassoon.pp.C2B2_11.flac,uiowa,2.0429027188,pp,bassoon,,,uiowac858304d,22.4240362812
uiowaa6438766ca00b9,Bassoon.ff.C4B4_3.flac,uiowa,2.15673079267,ff,bassoon,,,uiowaa6438766,5.94248165216
uiowaf82802d822f0dc,Bassoon.ff.C2B2_7.flac,uiowa,2.3488284203,ff,bassoon,,,uiowaf82802d8,16.9721795528
uiowac858304d58428a,Bassoon.pp.C2B2_3.flac,uiowa,2.12090702948,pp,bassoon,,,uiowac858304d,5.96752834467
uiowa2c09a4d5bb5111,Bassoon.mf.Bb1B1_0.flac,uiowa,2.04916099773,mf,bassoon,,,uiowa2c09a4d5,0.168344671202
uiowaa83d781dd5111e,BbClar.pp.C6B6_0.flac,uiowa,4.64979591836,pp,clarinet,,,uiowaa83d781d,2.2233106576
uiowad6b7c3efd8f215,BbClar.pp.D3B3_9.flac,uiowa,3.3623587075,pp,clarinet,,,uiowad6b7c3ef,47.9782312925
uiowaa83d781d65495c,BbClar.pp.C6B6_9.flac,uiowa,4.8355555556,pp,clarinet,,,uiowaa83d781d,46.1496598639
uiowaa83d781d490ac7,BbClar.pp.C6B6_3.flac,uiowa,5.2244897959,pp,clarinet,,,uiowaa83d781d,16.8286621315
uiowa6762f61c303196,EbClar.ff.G3B3_2.flac,uiowa,2.70512471656,ff,clarinet,,,uiowa6762f61c,6.11265306122
uiowa6762f61ce76035,EbClar.ff.G3B3_4.flac,uiowa,2.4023131088,ff,clarinet,,,uiowa6762f61c,11.3197278912
uiowa9ff7d3bb16dddc,BbClar.ff.C5B5_2.flac,uiowa,4.9690702948,ff,clarinet,,,uiowa9ff7d3bb,12.3065759637
uiowa485946ae277ae5,EbClar.ff.C4B4_10.flac,uiowa,2.525170068,ff,clarinet,,,uiowa485946ae,27.0222222222
uiowa4ddecb34f5b950,BbClar.ff.C6B6_11.flac,uiowa,3.8728570658,ff,clarinet,,,uiowa4ddecb34,56.8656689342
uiowabcfe238b371630,BbClar.ff.D3B3_0.flac,uiowa,4.94585034014,ff,clarinet,,,uiowabcfe238b,2.91410430839
uiowa908e7d85deaa63,Flute.nonvib.pp.B4Bb5_5.flac,uiowa,2.7167346939,pp,flute,,,uiowa908e7d85,12.834829932
uiowabf0623d0009c9d,Flute.nonvib.pp.B3B4_0.flac,uiowa,2.19662058371,pp,flute,,,uiowabf0623d0,0.563236047107
uiowab0a178ad9599fc,Flute.vib.mf.B3B4_1.flac,uiowa,2.91410430839,mf,flute,,,uiowab0a178ad,4.41179138322
uiowabf0623d0472903,Flute.nonvib.pp.B3B4_11.flac,uiowa,2.6354648526,pp,flute,,,uiowabf0623d0,26.3546485261
uiowaf4054eedcd58b1,Flute.nonvib.mf.C5B5_10.flac,uiowa,2.9141043084,mf,flute,,,uiowaf4054eed,27.4634013605
uiowa544c20b042851a,Flute.vib.mf.C5B5_2.flac,uiowa,3.05342403628,mf,flute,,,uiowa544c20b0,6.86149659864
uiowa3a1303e9f5e01d,Flute.vib.pp.C5B5_0.flac,uiowa,2.93732426304,pp,flute,,,uiowa3a1303e9,0.568888888889
uiowa6f0c60f5aa6bdb,Flute.vib.pp.B3B4_0.flac,uiowa,2.88971383057,pp,flute,,,uiowa6f0c60f5,0.562931265696
uiowaf4054eed613b11,Flute.nonvib.mf.C5B5_6.flac,uiowa,2.5193650794,mf,flute,,,uiowaf4054eed,16.648707483
uiowa544c20b0ffb067,Flute.vib.mf.C5B5_3.flac,uiowa,3.31925308238,mf,flute,,,uiowa544c20b0,9.91492063492
uiowa0607e06b9ffd25,Oboe.ff.Bb3B3_1.flac,uiowa,2.03261189225,ff,oboe,,,uiowa0607e06b,2.21373710775
uiowafb6252eb809fa6,Oboe.pp.C5B5_6.flac,uiowa,3.7209977325,pp,oboe,,,uiowafb6252eb,24.4912471655
uiowae06b388e84847c,Oboe.mf.Bb3B3_0.flac,uiowa,4.00544217687,mf,oboe,,,uiowae06b388e,0.238004535147
uiowabdb9f4f7ea410e,Oboe.ff.C4B4_0.flac,uiowa,1.61021432229,ff,oboe,,,uiowabdb9f4f7,0.238004535147
uiowa6371119e17f07f,Oboe.pp.C4B4_10.flac,uiowa,1.5970298231,pp,oboe,,,uiowa6371119e,39.8454421769
uiowa297d5189915437,Oboe.mf.C6Ab6_3.flac,uiowa,4.0054421768,mf,oboe,,,uiowa297d5189,12.3936507937
uiowafb6252eb3bb41a,Oboe.pp.C5B5_4.flac,uiowa,4.0460770975,pp,oboe,,,uiowafb6252eb,16.3990929705
uiowabdb9f4f77e5b7d,Oboe.ff.C4B4_6.flac,uiowa,1.6241923293,ff,oboe,,,uiowabdb9f4f7,10.3985646827
uiowa03e81aefca96f0,Oboe.mf.C4B4_0.flac,uiowa,1.37817537529,mf,oboe,,,uiowa03e81aef,0.185759637188
uiowa128b5072c2f1dd,Oboe.pp.C6Ab6_8.flac,uiowa,1.9565762313,pp,oboe,,,uiowa128b5072,32.3744217687
rwcd350ebc73b1987,092CGANF_41.flac,rwc,5.501133787,F,guitar,,,rwcd350ebc7,225.68185941
rwcd74adc0ed51dc7,111AGRFM_74.flac,rwc,4.518529281,M,guitar,,,rwcd74adc0e,454.584126984
rwc18992a7b606943,111AGRFF_3.flac,rwc,6.4444444444,F,guitar,,,rwc18992a7b,18.8925170068
rwc3a5f50ffd2365e,093CGRNF_16.flac,rwc,3.8503401361,F,guitar,,,rwc3a5f50ff,70.9968253968
rwc05aea973e15188,113AGAFP_67.flac,rwc,4.471655328,P,guitar,,,rwc05aea973,330.357369615
rwc177494dd54d8fd,092CGANM_49.flac,rwc,4.566893424,M,guitar,,,rwc177494dd,250.090022676
rwc795553e9dd6602,092CGRFF_15.flac,rwc,5.2517006803,F,guitar,,,rwc795553e9,72.2306122449
rwc053701da490525,093CGAFM_44.flac,rwc,4.181405896,M,guitar,,,rwc053701da,193.926530612
rwc2f10f4fff7bde5,091CGRNP_8.flac,rwc,5.3741496599,P,guitar,,,rwc2f10f4ff,42.3349206349
rwc48846f4a0568f0,111AGAPM_15.flac,rwc,6.3628117913,M,guitar,,,rwc48846f4a,93.2868480726
rwccf23d52c70300a,151VNSPP_45.flac,rwc,1.8201505214,P,violin,,,rwccf23d52c,85.3329391494
rwce3a3949dc01470,151VNPOM_10.flac,rwc,3.3832199546,M,violin,,,rwce3a3949d,39.6412698413
rwc07170d17ca7c7e,151VNPCF_41.flac,rwc,4.12244898,F,violin,,,rwc07170d17,179.14031746
rwc104b299e2610d9,152VNGLM_10.flac,rwc,3.6462585034,M,violin,,,rwc104b299e,38.8562358277
rwcd6b28d3e82532b,151VNSPF_20.flac,rwc,2.165236226,F,violin,,,rwcd6b28d3e,47.0653979632
rwc914d4bd6c57896,151VNNOM_52.flac,rwc,4.199546486,M,violin,,,rwc914d4bd6,241.772562358
rwc630ae2672d38b5,152VNNVM_56.flac,rwc,3.873015873,M,violin,,,rwc630ae267,217.396145125
rwc3bcce734afb89c,151VNNVM_48.flac,rwc,4.095238095,M,violin,,,rwc3bcce734,200.475510204
rwc91de36a27ebfc3,151VNTRP_41.flac,rwc,4.036281179,P,violin,,,rwc91de36a2,162.148526077
rwce6a69503f2e72d,151VNTRM_52.flac,rwc,3.460317461,M,violin,,,rwce6a69503,184.75170068
rwc64d8c5ee0c531e,173VCSPF_17.flac,rwc,2.8480725624,F,cello,,,rwc64d8c5ee,49.8267573696
rwcba44d785d9e61a,173VCSOM_20.flac,rwc,3.8231292517,M,cello,,,rwcba44d785,73.9446712018
rwc05e853167eb644,171VCPZP_42.flac,rwc,2.209962695,P,cello,,,rwc05e85316,118.847165533
rwce95fadb404c977,172VCFLM_4.flac,rwc,3.2607709751,M,cello,,,rwce95fadb4,13.6997732426
rwcf75f8d88c0c8d9,171VCTRF_32.flac,rwc,2.9750566893,F,cello,,,rwcf75f8d88,92.0671201814
rwcf75f8d88c98b2c,171VCTRF_28.flac,rwc,2.8979591837,F,cello,,,rwcf75f8d88,80.4707482993
rwccd70d1809ae02c,172VCNOP_39.flac,rwc,3.495642845,P,cello,,,rwccd70d180,152.013654207
rwccdf7002e8190a2,171VCGLM_5.flac,rwc,3.283446712,M,cello,,,rwccdf7002e,16.1351473923
rwcb5e42bdcafd8ad,173VCNOF_1.flac,rwc,3.61904761904,F,cello,,,rwcb5e42bdc,4.97845804989
rwcb5e42bdc5c694f,173VCNOF_29.flac,rwc,3.523809524,F,cello,,,rwcb5e42bdc,105.613378685
rwc35c9d8d727cf9f,183CBFRM_28.flac,rwc,4.403628118,M,double-bass,,,rwc35c9d8d7,133.867573696
rwc89ef2ae07695c4,181CBSPP_30.flac,rwc,2.911564626,P,double-bass,,,rwc89ef2ae0,106.157823129
rwc16bd2471b028e5,181CBSPM_14.flac,rwc,3.3424036281,M,double-bass,,,rwc16bd2471,52.7201814059
rwca828730d5d02bd,182CBNOP_11.flac,rwc,4.5986394557,P,double-bass,,,rwca828730d,56.0487528345
rwc939e99268a3076,183CBVIP_11.flac,rwc,4.4399092971,P,double-bass,,,rwc939e9926,50.4163265306
rwc34a8451ce90231,182CBTAP_47.flac,rwc,3.1292517,P,double-bass,,,rwc34a8451c,171.990022676
rwc39f79c6c938e13,181CBPOM_1.flac,rwc,4.92517006801,M,double-bass,,,rwc39f79c6c,5.49115646259
rwcf1ef1cdd0c852b,182CBPOM_2.flac,rwc,3.18367346936,M,double-bass,,,rwcf1ef1cdd,9.02879818594
rwc0cd26c5de45141,181CBFLM_21.flac,rwc,4.2176870748,M,double-bass,,,rwc0cd26c5d,91.5546485261
rwcdc928c6cb3b568,181CBNOF_1.flac,rwc,4.55782312924,F,double-bass,,,rwcdc928c6c,5.97641723356
rwc23c24c8923309f,212TRW1M_2.flac,rwc,3.37414965986,M,trumpet,,,rwc23c24c89,6.41179138322
rwc723896ee9702fd,211TRW2F_24.flac,rwc,1.7394622843,F,trumpet,,,rwc723896ee,40.5344671202
rwc556f2ec1140469,211TRW2P_17.flac,rwc,1.7093471175,P,trumpet,,,rwc556f2ec1,28.6080725624
rwc7495faf2e8e2c9,211TRW1P_8.flac,rwc,3.9637188208,P,trumpet,,,rwc7495faf2,32.1532879819
rwc830aaa7fc236bd,212TRM9M_20.flac,rwc,3.3333333333,M,trumpet,,,rwc830aaa7f,62.2167800454
rwcefa197a4243168,212TRW3P_9.flac,rwc,3.0839002267,P,trumpet,,,rwcefa197a4,28.9605442177
rwc6a939cbc6105a2,212TRNOF_1.flac,rwc,3.01587301588,F,trumpet,,,rwc6a939cbc,3.0693877551
rwcdb95cc707d7fb4,212TRW3F_3.flac,rwc,3.22448979593,F,trumpet,,,rwcdb95cc70,9.32335600907
rwc6202f02cd92677,211TRW3F_24.flac,rwc,4.73015873,F,trumpet,,,rwc6202f02c,117.609070295
rwcd68de0db3f497d,212TRM8P_5.flac,rwc,1.32949958956,P,trumpet,,,rwcd68de0db,6.32061378912
rwc62e26529525259,223TBC3M_6.flac,rwc,4.820861678,M,trombone,,,rwc62e26529,26.5387755102
rwc1d0a94c6f32faa,223TBM8M_4.flac,rwc,1.4503328213,M,trombone,,,rwc1d0a94c6,6.30235535074
rwc949e443eec4c5e,221TBC3F_17.flac,rwc,3.2653061224,F,trombone,,,rwc949e443e,54.4390022676
rwcc6d21316582869,222TBC1F_9.flac,rwc,3.0113378685,F,trombone,,,rwcc6d21316,27.4412698413
rwc13030135be90c4,222TBM7P_26.flac,rwc,3.6734693878,P,trombone,,,rwc13030135,96.2349206349
rwcbc58d7d73c7d01,221TBC3M_23.flac,rwc,3.0975056689,M,trombone,,,rwcbc58d7d7,76.5387755102
rwc51045e0551f7e2,221TBVIP_15.flac,rwc,3.3696145125,P,trombone,,,rwc51045e05,50.9832199546
rwccea26381ffe711,221TBVIM_24.flac,rwc,3.3424036281,M,trombone,,,rwccea26381,83.0557823129
rwcca345480b17005,223TBM8F_36.flac,rwc,1.6959739594,F,trombone,,,rwcca345480,55.1115317095
rwc7425a72d2f5d7a,221TBC2P_3.flac,rwc,1.6330943847,P,trombone,,,rwc7425a72d,5.1235949577
rwcdfbb12d649978c,231TUNOM_26.flac,rwc,3.93197279,M,tuba,,,rwcdfbb12d6,101.47324263
rwc1569c363a8ce4e,231TUNOF_0.flac,rwc,3.02040816327,F,tuba,,,rwc1569c363,1.12857142857
rwcadfd9ea5a12eb6,232TUNOM_25.flac,rwc,4.634920635,M,tuba,,,rwcadfd9ea5,107.341723356
rwcadfd9ea5262770,232TUNOM_28.flac,rwc,4.875283447,M,tuba,,,rwcadfd9ea5,121.133106576
rwc750ab508426505,233TUNOP_8.flac,rwc,3.4784580499,P,tuba,,,rwc750ab508,31.133106576
rwcdfbb12d6ab3ceb,231TUNOM_17.flac,rwc,3.9319727891,M,tuba,,,rwcdfbb12d6,64.7975056689
rwca8f831adec4a77,231TUNOP_21.flac,rwc,3.6916099773,P,tuba,,,rwca8f831ad,81.8814058957
rwcadfd9ea57482f9,232TUNOM_21.flac,rwc,4.5941043083,M,tuba,,,rwcadfd9ea5,88.901814059
rwc7defb6491ea900,232TUSTM_4.flac,rwc,1.92873560416,M,tuba,,,rwc7defb649,7.33265306122
rwcb9cb3bd0253e45,232TUSTP_12.flac,rwc,1.842101285,P,tuba,,,rwcb9cb3bd0,21.2275132275
rwc36105691e391f6,243HRM8F_16.flac,rwc,1.2852160697,F,horn-french,,,rwc36105691,22.670521542
rwc34feb008272d48,242HRM7F_11.flac,rwc,4.7664399093,F,horn-french,,,rwc34feb008,47.9628117914
rwc32c28324cb7ce7,243HRGNF_4.flac,rwc,2.693877551,F,horn-french,,,rwc32c28324,11.010430839
rwcee3484104b5dbf,241HRSTP_25.flac,rwc,1.4644137224,P,horn-french,,,rwcee348410,42.4116743472
rwc32c283246471f5,243HRGNF_7.flac,rwc,2.7074829932,F,horn-french,,,rwc32c28324,19.1736961451
rwcffd6ba6cb4f694,241HRSTF_8.flac,rwc,2.0299295345,F,horn-french,,,rwcffd6ba6c,17.2851575517
rwc55f263d01cf3fb,241HRGSP_25.flac,rwc,1.5827664399,P,horn-french,,,rwc55f263d0,41.2029844196
rwcdcb571ac0fe52d,242HRNOM_2.flac,rwc,5.26984126985,M,horn-french,,,rwcdcb571ac,8.92426303855
rwcf27ec75b7aeac2,241HRSTM_4.flac,rwc,1.888618243,M,horn-french,,,rwcf27ec75b,9.2283446712
rwc3655ad7601ec2a,243HRNOM_20.flac,rwc,3.7188208617,M,horn-french,,,rwc3655ad76,76.7020408163
rwc47fd55760ef5ab,292OBTLM_12.flac,rwc,2.7165532879,M,oboe,,,rwc47fd5576,32.5480725624
rwcd779f052c9cf87,291OBSTM_6.flac,rwc,2.1731914271,M,oboe,,,rwcd779f052,13.7762416795
rwc3084ec358b9aef,291OBTLM_20.flac,rwc,3.0476190476,M,oboe,,,rwc3084ec35,58.3575963719
rwcb85dd9820ade8c,292OBSTF_27.flac,rwc,1.1989832492,F,oboe,,,rwcb85dd982,34.4256235828
rwce348afe82a082b,292OBNOP_9.flac,rwc,3.4648526077,P,oboe,,,rwce348afe8,31.4097505669
rwc104b477f0c4376,291OBTLF_25.flac,rwc,2.7709750567,F,oboe,,,rwc104b477f,75.5911564626
rwcb5bca27a4a1ef8,292OBTLF_21.flac,rwc,2.462585034,F,oboe,,,rwcb5bca27a,52.6433106576
rwcf06f14d09c52e0,291OBVIP_29.flac,rwc,3.496598639,P,oboe,,,rwcf06f14d0,108.679591837
rwc628fe66ef2d010,291OBSTP_24.flac,rwc,2.0751794147,P,oboe,,,rwc628fe66e,51.6849372963
rwc86634807c5fd7c,291OBNOM_12.flac,rwc,3.4875283447,M,oboe,,,rwc86634807,41.1829931973
rwcc73816ec483c2d,302FGVIM_38.flac,rwc,3.93975085,M,bassoon,,,rwcc73816ec,182.13537415
rwce292406c6c7603,303FGSTP_10.flac,rwc,1.2121863799,P,bassoon,,,rwce292406c,12.3575963719
rwcb5d72f20db9957,303FGVIP_30.flac,rwc,3.950113379,P,bassoon,,,rwcb5d72f20,114.185260771
rwc399c4e8ec90bc0,303FGVIF_11.flac,rwc,3.5873015873,F,bassoon,,,rwc399c4e8e,42.5979591837
rwc1473c75c612f00,301FGVIM_7.flac,rwc,5.8412698412,M,bassoon,,,rwc1473c75c,40.0673469388
rwc76cddc047e491b,302FGNOF_33.flac,rwc,4.494331066,F,bassoon,,,rwc76cddc04,155.459637188
rwc562eda84d883e1,303FGNOM_8.flac,rwc,3.7505668934,M,bassoon,,,rwc562eda84,31.2510204082
rwc1e021bcbbc3098,302FGNOM_23.flac,rwc,4.458049886,M,bassoon,,,rwc1e021bcb,101.255555556
rwc4a2c957060b0db,303FGSTF_27.flac,rwc,1.3175879193,F,bassoon,,,rwc4a2c9570,35.3235827664
rwc1473c75c2b7426,301FGVIM_26.flac,rwc,6.857142857,M,bassoon,,,rwc1473c75c,156.879138322
rwc204aa4a429e3c3,311CLTLM_5.flac,rwc,5.5691609977,M,clarinet,,,rwc204aa4a4,23.3009070295
rwcf248e2bb0b99fa,312CLTLF_25.flac,rwc,4.253968254,F,clarinet,,,rwcf248e2bb,116.579591837
rwc1e1c291a016f67,311CLNOP_12.flac,rwc,4.0498866214,P,clarinet,,,rwc1e1c291a,53.7952380952
rwca06c2547852324,313CLTLF_15.flac,rwc,3.9002267574,F,clarinet,,,rwca06c2547,55.468707483
rwcd7f8ec5f6415a6,311CLNOM_9.flac,rwc,6.0589569161,M,clarinet,,,rwcd7f8ec5f,56.6795918367
rwc185e8b2c147954,313CLSTF_35.flac,rwc,2.5078414162,F,clarinet,,,rwc185e8b2c,89.0878501938
rwc331362589f3488,313CLNOM_1.flac,rwc,5.13378684809,M,clarinet,,,rwc33136258,5.35963718821
rwc2670ed0477a6a2,313CLSTM_38.flac,rwc,2.376417234,M,clarinet,,,rwc2670ed04,102.511791383
rwc691ed98dfb40b2,313CLTLP_2.flac,rwc,3.54648526082,P,clarinet,,,rwc691ed98d,8.59342403628
rwcfaf05fe39cdb27,312CLNOM_30.flac,rwc,4.975056689,M,clarinet,,,rwcfaf05fe3,162.01723356
rwc3f53a0a8545325,331FLVIF_31.flac,rwc,4.009070295,F,flute,,,rwc3f53a0a8,128.375736961
rwc4b662adcdbbfcf,331FLFTM_25.flac,rwc,4.0447337836,M,flute,,,rwc4b662adc,91.3559464885
rwcc81bfb420faafd,332FLNOF_26.flac,rwc,4.911564626,F,flute,,,rwcc81bfb42,133.378004535
rwc9f10672c89305c,332FLNOM_32.flac,rwc,4.562358276,M,flute,,,rwc9f10672c,151.972108844
rwc9f10672c8d2a6e,332FLNOM_31.flac,rwc,4.634920635,M,flute,,,rwc9f10672c,147.337188209
rwc8492bee4160d91,331FLSTM_12.flac,rwc,1.3708555823,M,flute,,,rwc8492bee4,17.3734693878
rwcd455207b1d016b,332FLSTP_28.flac,rwc,1.3541072342,P,flute,,,rwcd455207b,36.4339477727
rwc4a99bc05775c5c,331FLSTP_25.flac,rwc,1.6277521761,P,flute,,,rwc4a99bc05,36.1456733231
rwcac597673e28975,331FLTLF_61.flac,rwc,4.97505669,F,flute,,,rwcac597673,265.346258503
rwc3f5aded92efb76,332FLTLM_63.flac,rwc,3.401360544,M,flute,,,rwc3f5aded9,257.096825397
philharmonia3ef03f00a848c9,bassoon_B1_05_forte_normal_0.flac,philharmonia,0.521995,forte,bassoon,,,philharmonia3ef03f00,0.0
philharmonia7a57541f9b397f,bassoon_Gs3_1_piano_normal_0.flac,philharmonia,1.200998,piano,bassoon,,,philharmonia7a57541f,0.0
philharmoniae53790aa874220,bassoon_As3_15_mezzo-piano_normal_0.flac,philharmonia,1.279002,mezzo-piano,bassoon,,,philharmoniae53790aa,0.0
philharmonia3f53ec93ecb41a,bassoon_E3_05_piano_normal_0.flac,philharmonia,0.339002,piano,bassoon,,,philharmonia3f53ec93,0.0
philharmoniaa3b22ffaf677d2,bassoon_As4_15_mezzo-piano_normal_0.flac,philharmonia,1.227007,mezzo-piano,bassoon,,,philharmoniaa3b22ffa,0.0
philharmonia10f3c2b588c176,bassoon_Fs4_05_fortissimo_normal_0.flac,philharmonia,1.41,fortissimo,bassoon,,,philharmonia10f3c2b5,0.0
philharmoniae7450455b6fd19,bassoon_D2_1_forte_normal_0.flac,philharmonia,1.252993,forte,bassoon,,,philharmoniae7450455,0.0
philharmonia79aa903df1271c,bassoon_C5_05_fortissimo_normal_0.flac,philharmonia,1.436009,fortissimo,bassoon,,,philharmonia79aa903d,0.0
philharmonia37e54c078b10e5,bassoon_Cs2_05_piano_normal_0.flac,philharmonia,0.365011,piano,bassoon,,,philharmonia37e54c07,0.0
philharmonia2bd521f5937350,bassoon_D2_05_forte_normal_0.flac,philharmonia,0.496009,forte,bassoon,,,philharmonia2bd521f5,0.0
philharmonia34474efbde1260,cello_A3_phrase_cresc-decresc_arco-normal_0.flac,philharmonia,8.462993,cresc-decresc,cello,,,philharmonia34474efb,0.0
philharmonia247a374973f713,cello_D2_15_fortissimo_arco-normal_0.flac,philharmonia,2.323991,fortissimo,cello,,,philharmonia247a3749,0.0
philharmonia1943076132386b,cello_As4_025_forte_arco-normal_0.flac,philharmonia,0.6,forte,cello,,,philharmonia19430761,0.0
philharmonia41f2a5a8b582df,cello_Gs4_15_mezzo-piano_arco-normal_0.flac,philharmonia,2.402993,mezzo-piano,cello,,,philharmonia41f2a5a8,0.0
philharmonia861eba9732386b,cello_C6_05_forte_arco-normal_0.flac,philharmonia,0.6,forte,cello,,,philharmonia861eba97,0.0
philharmonia89d5015970a0b1,cello_B3_15_pianissimo_arco-normal_0.flac,philharmonia,2.271995,pianissimo,cello,,,philharmonia89d50159,0.0
philharmonia92a14551e65d68,cello_G5_15_forte_arco-normal_0.flac,philharmonia,2.115011,forte,cello,,,philharmonia92a14551,0.0
philharmoniac75e7f9b752966,cello_A2_15_forte_arco-normal_0.flac,philharmonia,2.246009,forte,cello,,,philharmoniac75e7f9b,0.0
philharmoniab9dbe0e693bd07,cello_As5_15_pianissimo_arco-normal_0.flac,philharmonia,1.645011,pianissimo,cello,,,philharmoniab9dbe0e6,0.0
philharmonia128f8ca6107331,cello_B2_05_fortissimo_arco-normal_0.flac,philharmonia,0.573991,fortissimo,cello,,,philharmonia128f8ca6,0.0
philharmoniaf6fe7ab0f67bc6,clarinet_Gs4_15_pianissimo_normal_0.flac,philharmonia,2.140998,pianissimo,clarinet,,,philharmoniaf6fe7ab0,0.0
philharmonia6f4349fc7aea14,clarinet_F6_1_fortissimo_normal_0.flac,philharmonia,1.488005,fortissimo,clarinet,,,philharmonia6f4349fc,0.0
philharmonia53726391491880,clarinet_Cs4_05_piano_normal_0.flac,philharmonia,1.097007,piano,clarinet,,,philharmonia53726391,0.0
philharmonia37a9b1b5ecb41a,clarinet_F6_025_fortissimo_normal_0.flac,philharmonia,0.339002,fortissimo,clarinet,,,philharmonia37a9b1b5,0.0
philharmonia1d6a6f7decb41a,clarinet_Ds6_025_fortissimo_normal_0.flac,philharmonia,0.339002,fortissimo,clarinet,,,philharmonia1d6a6f7d,0.0
philharmoniac62d6b2f239a30,clarinet_E6_15_fortissimo_normal_0.flac,philharmonia,2.089002,fortissimo,clarinet,,,philharmoniac62d6b2f,0.0
philharmonia33add70b4c8def,clarinet_A3_05_fortissimo_normal_0.flac,philharmonia,0.888005,fortissimo,clarinet,,,philharmonia33add70b,0.0
philharmoniacd88cb685723fe,clarinet_E3_1_forte_normal_0.flac,philharmonia,1.722993,forte,clarinet,,,philharmoniacd88cb68,0.0
philharmoniaab5c3bde70a0b1,clarinet_E4_15_forte_normal_0.flac,philharmonia,2.271995,forte,clarinet,,,philharmoniaab5c3bde,0.0
philharmonia80e3b2989811d0,clarinet_A3_025_pianissimo_normal_0.flac,philharmonia,0.47,pianissimo,clarinet,,,philharmonia80e3b298,0.0
philharmonia5aff11fff677d2,double-bass_G1_1_mezzo-forte_arco-normal_0.flac,philharmonia,1.227007,mezzo-forte,double-bass,,,philharmonia5aff11ff,0.0
philharmonia80df1e9dc34ec1,double-bass_B1_05_piano_arco-normal_0.flac,philharmonia,0.626009,piano,double-bass,,,philharmonia80df1e9d,0.0
philharmonia7c0f08ddc0d702,double-bass_As1_05_forte_arco-normal_0.flac,philharmonia,1.018005,forte,double-bass,,,philharmonia7c0f08dd,0.0
philharmoniac03721bba6b9dc,double-bass_D4_1_fortissimo_arco-normal_0.flac,philharmonia,1.670998,fortissimo,double-bass,,,philharmoniac03721bb,0.0
philharmonia72fc1410107331,double-bass_B3_025_fortissimo_arco-normal_0.flac,philharmonia,0.573991,fortissimo,double-bass,,,philharmonia72fc1410,0.0
philharmonia3172fbb8107331,double-bass_D4_025_fortissimo_arco-normal_0.flac,philharmonia,0.573991,fortissimo,double-bass,,,philharmonia3172fbb8,0.0
philharmoniad0883a79d810f5,double-bass_B1_025_forte_arco-normal_0.flac,philharmonia,0.443991,forte,double-bass,,,philharmoniad0883a79,0.0
philharmoniac2909b8fc0d702,double-bass_B3_05_forte_arco-normal_0.flac,philharmonia,1.018005,forte,double-bass,,,philharmoniac2909b8f,0.0
philharmoniae0710f68f739b1,double-bass_F3_15_molto-pianissimo_arco-normal_0.flac,philharmonia,1.88,molto-pianissimo,double-bass,,,philharmoniae0710f68,0.0
philharmonia46871bbf32386b,double-bass_E1_025_piano_arco-normal_0.flac,philharmonia,0.6,piano,double-bass,,,philharmonia46871bbf,0.0
philharmoniafd3a1a6a242bf9,flute_Gs4_15_mezzo-piano_normal_0.flac,philharmonia,1.306009,mezzo-piano,flute,,,philharmoniafd3a1a6a,0.0
philharmoniac2e1475e231b24,flute_B4_05_pianissimo_normal_0.flac,philharmonia,0.94,pianissimo,flute,,,philharmoniac2e1475e,0.0
philharmonia3b0dacb173cff5,flute_G5_025_pianissimo_normal_0.flac,philharmonia,0.287007,pianissimo,flute,,,philharmonia3b0dacb1,0.0
philharmoniabaec22c904b793,flute_A6_1_forte_normal_0.flac,philharmonia,1.149002,forte,flute,,,philharmoniabaec22c9,0.0
philharmonia6d7795fedbef32,flute_Cs4_05_mezzo-forte_normal_0.flac,philharmonia,0.809002,mezzo-forte,flute,,,philharmonia6d7795fe,0.0
philharmonia4487fcce3f1ecc,flute_As5_05_piano_normal_0.flac,philharmonia,0.679002,piano,flute,,,philharmonia4487fcce,0.0
philharmonia363be024f677d2,flute_As5_15_mezzo-piano_normal_0.flac,philharmonia,1.227007,mezzo-piano,flute,,,philharmonia363be024,0.0
philharmonia63d8b9583a2e4a,flute_Fs6_05_pianissimo_normal_0.flac,philharmonia,0.782993,pianissimo,flute,,,philharmonia63d8b958,0.0
philharmonia06d73ae9820c75,flute_D5_1_forte_normal_0.flac,philharmonia,0.991995,forte,flute,,,philharmonia06d73ae9,0.0
philharmoniaf0f73c3c107331,flute_Ds7_05_piano_normal_0.flac,philharmonia,0.573991,piano,flute,,,philharmoniaf0f73c3c,0.0
philharmonia0fe69d9d68c9b6,french-horn_B4_15_mezzo-forte_normal_0.flac,philharmonia,1.540998,mezzo-forte,horn-french,,,philharmonia0fe69d9d,0.0
philharmonia38830b31206d37,french-horn_Gs3_1_mezzo-forte_normal_0.flac,philharmonia,1.383991,mezzo-forte,horn-french,,,philharmonia38830b31,0.0
philharmonia3a4d7b8ae8e69c,french-horn_G3_long_forte_normal_0.flac,philharmonia,2.429002,forte,horn-french,,,philharmonia3a4d7b8a,0.0
philharmoniafc7fd1e028d370,french-horn_Cs4_025_mezzo-forte_normal_0.flac,philharmonia,0.390998,mezzo-forte,horn-french,,,philharmoniafc7fd1e0,0.0
philharmonia20ac8a33fc8782,french-horn_G4_15_piano_normal_0.flac,philharmonia,1.723991,piano,horn-french,,,philharmonia20ac8a33,0.0
philharmonia9afb77916ca1c2,french-horn_Fs4_1_mezzo-forte_normal_0.flac,philharmonia,1.567007,mezzo-forte,horn-french,,,philharmonia9afb7791,0.0
philharmonia9047217ef7e7a8,french-horn_C5_very-long_piano_normal_0.flac,philharmonia,19.878005,piano,horn-french,,,philharmonia9047217e,0.0
philharmonia28b8f0e1a6b9dc,french-horn_Gs3_15_mezzo-forte_normal_0.flac,philharmonia,1.670998,mezzo-forte,horn-french,,,philharmonia28b8f0e1,0.0
philharmonia2c13cde84eae63,french-horn_Ds3_05_piano_normal_0.flac,philharmonia,0.860998,piano,horn-french,,,philharmonia2c13cde8,0.0
philharmonia270fd51f5c5e51,french-horn_F5_1_fortissimo_normal_0.flac,philharmonia,0.757007,fortissimo,horn-french,,,philharmonia270fd51f,0.0
philharmoniaef0bb7ebe7333e,guitar_B2_very-long_forte_normal_0.flac,philharmonia,6.295011,forte,guitar,,,philharmoniaef0bb7eb,0.0
philharmoniaa2094000ee07a0,guitar_As3_very-long_forte_normal_0.flac,philharmonia,3.03,forte,guitar,,,philharmoniaa2094000,0.0
philharmonia24b8b272d9e7eb,guitar_Fs2_very-long_piano_normal_0.flac,philharmonia,6.451995,piano,guitar,,,philharmonia24b8b272,0.0
philharmonia6218d783e00f97,guitar_D5_very-long_piano_normal_0.flac,philharmonia,4.806009,piano,guitar,,,philharmonia6218d783,0.0
philharmoniaf0189ad0eef0dd,guitar_C3_very-long_piano_normal_0.flac,philharmonia,5.537007,piano,guitar,,,philharmoniaf0189ad0,0.0
philharmonia97021099cb0196,guitar_Fs4_very-long_piano_normal_0.flac,philharmonia,4.205011,piano,guitar,,,philharmonia97021099,0.0
philharmonia6a9629cbfc11a2,guitar_Fs3_very-long_forte_normal_0.flac,philharmonia,5.798005,forte,guitar,,,philharmonia6a9629cb,0.0
philharmoniac2c55042689c80,guitar_Cs3_very-long_piano_normal_0.flac,philharmonia,5.092993,piano,guitar,,,philharmoniac2c55042,0.0
philharmoniab2a312e4acbfae,guitar_Cs3_very-long_forte_normal_0.flac,philharmonia,5.877007,forte,guitar,,,philharmoniab2a312e4,0.0
philharmonia7c34afbc554861,guitar_G3_very-long_forte_normal_0.flac,philharmonia,3.5,forte,guitar,,,philharmonia7c34afbc,0.0
philharmonia97ca928314c96a,oboe_Cs4_15_mezzo-forte_normal_0.flac,philharmonia,1.592993,mezzo-forte,oboe,,,philharmonia97ca9283,0.0
philharmonia783720e0d331e1,oboe_Gs5_15_forte_normal_0.flac,philharmonia,1.776009,forte,oboe,,,philharmonia783720e0,0.0
philharmonia74afeab3b9de2e,oboe_C4_05_piano_normal_0.flac,philharmonia,0.966009,piano,oboe,,,philharmonia74afeab3,0.0
philharmonia2f10950b820c75,oboe_Fs6_1_mezzo-forte_normal_0.flac,philharmonia,0.991995,mezzo-forte,oboe,,,philharmonia2f10950b,0.0
philharmoniaf1c38f687aea14,oboe_G5_15_mezzo-forte_normal_0.flac,philharmonia,1.488005,mezzo-forte,oboe,,,philharmoniaf1c38f68,0.0
philharmoniaab96541a93bd07,oboe_Gs6_15_mezzo-forte_normal_0.flac,philharmonia,1.645011,mezzo-forte,oboe,,,philharmoniaab96541a,0.0
philharmonia0d5b8c67d4111c,oboe_As3_15_mezzo-forte_normal_0.flac,philharmonia,1.75,mezzo-forte,oboe,,,philharmonia0d5b8c67,0.0
philharmoniae2dabda673cff5,oboe_F5_025_pianissimo_normal_0.flac,philharmonia,0.287007,pianissimo,oboe,,,philharmoniae2dabda6,0.0
philharmoniaeb792467d11492,oboe_C5_1_fortissimo_normal_0.flac,philharmonia,1.122993,fortissimo,oboe,,,philharmoniaeb792467,0.0
philharmonia19473258231b24,oboe_A5_05_fortissimo_normal_0.flac,philharmonia,0.94,fortissimo,oboe,,,philharmonia19473258,0.0
philharmonia2dadb5bfc34ec1,trombone_C5_05_mezzo-forte_normal_0.flac,philharmonia,0.626009,mezzo-forte,trombone,,,philharmonia2dadb5bf,0.0
philharmonia1ca5716ac34ec1,trombone_F2_05_mezzo-forte_normal_0.flac,philharmonia,0.626009,mezzo-forte,trombone,,,philharmonia1ca5716a,0.0
philharmoniac42deb8750cacf,trombone_F3_05_fortissimo_normal_0.flac,philharmonia,0.705011,fortissimo,trombone,,,philharmoniac42deb87,0.0
philharmoniaf0e843ea206d37,trombone_Ds5_15_piano_normal_0.flac,philharmonia,1.383991,piano,trombone,,,philharmoniaf0e843ea,0.0
philharmoniac9420075cf6eff,trombone_Gs4_long_forte_vibrato_0.flac,philharmonia,2.533991,forte,trombone,,,philharmoniac9420075,0.0
philharmoniaccb8cd53f9f6a6,trombone_As4_15_fortissimo_normal_0.flac,philharmonia,1.331995,fortissimo,trombone,,,philharmoniaccb8cd53,0.0
philharmonia8f300a6e8368ca,trombone_As3_1_forte_normal_0.flac,philharmonia,0.835011,forte,trombone,,,philharmonia8f300a6e,0.0
philharmoniaecdd7fe9b4101e,trombone_A5_05_fortissimo_normal_0.flac,philharmonia,0.730998,fortissimo,trombone,,,philharmoniaecdd7fe9,0.0
philharmonia1019ddb3b4101e,trombone_As4_05_piano_normal_0.flac,philharmonia,0.730998,piano,trombone,,,philharmonia1019ddb3,0.0
philharmoniaf7a994813f1ecc,trombone_Fs4_05_fortissimo_normal_0.flac,philharmonia,0.679002,fortissimo,trombone,,,philharmoniaf7a99481,0.0
philharmoniabf1a131fcf0cfa,trumpet_A5_15_mezzo-forte_normal_0.flac,philharmonia,2.950998,mezzo-forte,trumpet,,,philharmoniabf1a131f,0.0
philharmonia63f7c6d1b4101e,trumpet_Gs3_1_forte_normal_0.flac,philharmonia,0.730998,forte,trumpet,,,philharmonia63f7c6d1,0.0
philharmonia6026dae70480a6,trumpet_A4_1_pianissimo_normal_0.flac,philharmonia,1.619002,pianissimo,trumpet,,,philharmonia6026dae7,0.0
philharmonia31822393239a30,trumpet_As5_long_pianissimo_normal_0.flac,philharmonia,2.089002,pianissimo,trumpet,,,philharmonia31822393,0.0
philharmoniaa2c10950b4101e,trumpet_Fs4_025_pianissimo_normal_0.flac,philharmonia,0.730998,pianissimo,trumpet,,,philharmoniaa2c10950,0.0
philharmoniad5c11f7a495660,trumpet_C6_1_forte_normal_0.flac,philharmonia,2.193991,forte,trumpet,,,philharmoniad5c11f7a,0.0
philharmonia3af458b92e78ee,trumpet_F2_very-long_pianissimo_normal_0.flac,philharmonia,7.287007,pianissimo,trumpet,,,philharmonia3af458b9,0.0
philharmoniab4be118b4bbce1,trumpet_D4_1_forte_normal_0.flac,philharmonia,2.298005,forte,trumpet,,,philharmoniab4be118b,0.0
philharmoniad2f30d539b397f,trumpet_E5_05_fortissimo_normal_0.flac,philharmonia,1.200998,fortissimo,trumpet,,,philharmoniad2f30d53,0.0
philharmonia915a50ddf67bc6,trumpet_A5_15_forte_normal_0.flac,philharmonia,2.140998,forte,trumpet,,,philharmonia915a50dd,0.0
philharmoniadd8686b228d370,tuba_Ds2_025_fortissimo_normal_0.flac,philharmonia,0.390998,fortissimo,tuba,,,philharmoniadd8686b2,0.0
philharmonia4ed45d4b32386b,tuba_Fs3_1_fortissimo_normal_0.flac,philharmonia,0.6,fortissimo,tuba,,,philharmonia4ed45d4b,0.0
philharmonia3322af9a2a8cca,tuba_A3_very-long_cresc-decresc_normal_0.flac,philharmonia,10.030998,cresc-decresc,tuba,,,philharmonia3322af9a,0.0
philharmoniacdd3d8be820c75,tuba_Gs2_1_piano_normal_0.flac,philharmonia,0.991995,piano,tuba,,,philharmoniacdd3d8be,0.0
philharmonia26a4db1a4c8def,tuba_E2_1_mezzo-forte_normal_0.flac,philharmonia,0.888005,mezzo-forte,tuba,,,philharmonia26a4db1a,0.0
philharmoniaff2f0bd2937350,tuba_C4_1_forte_normal_0.flac,philharmonia,0.496009,forte,tuba,,,philharmoniaff2f0bd2,0.0
philharmonia64de23323f1ecc,tuba_As1_05_piano_normal_0.flac,philharmonia,0.679002,piano,tuba,,,philharmonia64de2332,0.0
philharmonia163029f19b397f,tuba_Fs1_15_pianissimo_normal_0.flac,philharmonia,1.200998,pianissimo,tuba,,,philharmonia163029f1,0.0
philharmonia6915e298937350,tuba_C4_05_piano_normal_0.flac,philharmonia,0.496009,piano,tuba,,,philharmonia6915e298,0.0
philharmonia6ef26b2e99e351,tuba_G1_025_mezzo-piano_normal_0.flac,philharmonia,0.417007,mezzo-piano,tuba,,,philharmonia6ef26b2e,0.0
philharmoniac71ca117107331,violin_As3_025_mezzo-piano_arco-normal_0.flac,philharmonia,0.573991,mezzo-piano,violin,,,philharmoniac71ca117,0.0
philharmoniae24c3cbf0b75c6,violin_D4_025_piano_arco-normal_0.flac,philharmonia,1.043991,piano,violin,,,philharmoniae24c3cbf,0.0
philharmonia927f68e86ca1c2,violin_D4_15_piano_arco-normal_0.flac,philharmonia,1.567007,piano,violin,,,philharmonia927f68e8,0.0
philharmoniabcae780e4eae63,violin_F4_025_mezzo-forte_arco-normal_0.flac,philharmonia,0.860998,mezzo-forte,violin,,,philharmoniabcae780e,0.0
philharmonia7d6a6b660b75c6,violin_D7_1_forte_arco-normal_0.flac,philharmonia,1.043991,forte,violin,,,philharmonia7d6a6b66,0.0
philharmoniaac0f7217242bf9,violin_E7_15_piano_arco-normal_0.flac,philharmonia,1.306009,piano,violin,,,philharmoniaac0f7217,0.0
philharmonia009b2a1a5c5e51,violin_Gs5_025_mezzo-forte_arco-normal_0.flac,philharmonia,0.757007,mezzo-forte,violin,,,philharmonia009b2a1a,0.0
philharmoniae941c5dfdbef32,violin_C7_025_mezzo-forte_arco-normal_0.flac,philharmonia,0.809002,mezzo-forte,violin,,,philharmoniae941c5df,0.0
philharmonia5892d69393bd07,violin_G7_15_forte_arco-normal_0.flac,philharmonia,1.645011,forte,violin,,,philharmonia5892d693,0.0
philharmonia5c4be2b8491880,violin_A3_025_pianissimo_arco-normal_0.flac,philharmonia,1.097007,pianissimo,violin,,,philharmonia5c4be2b8,0.0
